Restaurant_ID,Item_ID,Calories,Cal_Fat,Total_Fat,Sat_Fat,Trans_Fat,Cholesterol,Sodium,Total_Carb,Fiber,Sugar,Protein,Vit_A,Vit_C,Calcium,Meal_Type
1,1,380,60,7,2,0,95,1110,44,3,11,37,4,20,20,Lunch/Dinner
1,2,840,410,45,17,1.5,130,1580,62,2,18,46,6,20,20,Lunch/Dinner
1,3,1130,600,67,27,3,220,1920,63,3,18,70,10,20,50,Lunch/Dinner
1,4,750,280,31,10,0.5,155,1940,62,2,18,55,6,25,20,Lunch/Dinner
1,5,920,410,45,12,0.5,120,1980,81,4,18,46,6,20,20,Lunch/Dinner
1,6,540,250,28,10,1,80,950,46,3,9,25,10,2,15,Lunch/Dinner
1,7,300,100,12,5,0.5,40,680,33,2,7,15,10,2,10,Lunch/Dinner
1,8,510,210,24,4,0,65,1040,49,3,6,25,0,4,2,Lunch/Dinner
1,9,430,190,21,11,1,85,1040,35,2,7,25,20,4,15,Lunch/Dinner
1,10,770,400,45,21,2.5,175,1290,42,3,10,51,20,6,20,Lunch/Dinner
1,11,380,170,18,4,0,40,640,38,2,5,15,2,0,15,Lunch/Dinner
1,12,620,300,34,13,1.5,95,790,48,3,11,32,10,10,35,Lunch/Dinner
1,13,530,180,20,7,0,125,1150,48,3,11,42,10,20,35,Lunch/Dinner
1,14,700,300,34,9,0,85,1190,67,5,11,33,10,15,35,Lunch/Dinner
1,15,250,70,8,3,0,30,480,31,2,6,13,2,2,4,Lunch/Dinner
1,16,290,50,5,1.5,0,65,630,35,2,3,24,4,6,15,Lunch/Dinner
1,17,640,330,36,14,1.5,110,1260,40,3,10,37,6,15,15,Lunch/Dinner
1,18,580,190,21,8,0,135,1890,50,3,14,48,4,30,30,Lunch/Dinner
1,19,740,310,35,9,0.5,95,1780,69,5,14,39,4,20,290,Lunch/Dinner
1,20,350,130,15,3.5,0,40,600,40,2,5,15,2,2,4,Lunch/Dinner
1,21,380,160,18,8,1,70,840,34,2,7,23,10,2,10,Lunch/Dinner
1,22,480,200,22,7,0,80,870,45,2,12,25,2,2,6,Lunch/Dinner
1,23,580,300,33,12,1.5,95,920,41,4,7,29,8,15,15,Lunch/Dinner
1,24,520,160,18,6,0,115,1540,50,4,12,40,8,25,30,Lunch/Dinner
1,25,680,280,32,7,0,80,1430,69,6,12,31,8,15,30,Lunch/Dinner
1,26,570,200,23,5,0,60,1050,64,4,11,28,4,10,20,Lunch/Dinner
1,27,530,200,22,4,0,45,1000,59,3,13,25,6,10,20,Lunch/Dinner
1,28,530,240,27,13,1.5,100,1090,41,3,10,31,20,6,15,Lunch/Dinner
1,29,670,320,35,12,1.5,95,1010,56,4,13,32,20,15,30,Lunch/Dinner
1,30,560,180,20,5,0,115,1550,56,4,14,41,20,25,30,Lunch/Dinner
1,31,730,300,33,7,0,80,1430,75,5,13,32,20,20,30,Lunch/Dinner
1,32,690,340,37,14,1.5,110,1310,51,3,14,38,6,15,15,Lunch/Dinner
1,33,630,200,22,7,0,135,1930,61,4,18,48,4,30,25,Lunch/Dinner
1,34,800,320,36,9,0.5,95,1820,80,5,18,39,4,20,30,Lunch/Dinner
1,35,370,190,21,3.5,0,70,910,16,0,0,28,0,0,2,Snack
1,36,480,250,28,4.5,0,95,1290,21,0,1,38,0,0,2,Snack
1,37,760,390,44,8,0.5,145,1890,32,1,1,58,0,0,2,Snack
1,38,1210,630,70,12,1,240,3230,52,1,4,94,0,0,4,Snack
1,39,1510,790,88,15,1,295,3770,64,1,2,115,0,2,6,Snack
1,40,2430,1270,141,24,2,475,6080,103,2,3,186,0,2,8,Snack
1,41,180,100,11,2,0,30,340,11,1,0,10,0,2,0,Snack
1,42,270,140,16,2.5,0,45,510,16,1,0,15,0,2,0,Snack
1,43,440,240,27,4.5,0,75,840,26,2,0,24,0,4,2,Snack
1,44,890,480,53,9,0,145,1680,53,4,0,49,0,8,4,Snack
1,45,1770,960,107,18,0.5,295,3370,105,7,1,98,0,15,6,Snack
1,46,640,240,27,4,0,105,1780,63,2,35,39,4,15,4,Snack
1,47,960,360,40,6,0,160,2670,94,3,52,58,4,25,8,Snack
1,48,1600,600,66,10,0,265,4450,156,5,87,97,8,40,10,Snack
1,49,140,70,7,0.5,0,0,20,13,5,7,7,180,45,10,Salad
1,50,270,80,9,1,0,80,740,18,5,10,31,180,70,10,Salad
1,51,490,250,28,8,0,95,1120,28,4,4,33,180,60,15,Salad
1,52,190,110,12,5,0,40,660,9,3,3,14,180,50,15,Salad
1,53,320,120,14,6,0,45,1230,9,3,4,42,180,60,15,Salad
1,54,490,250,28,8,0,95,1120,28,4,4,33,180,60,15,Salad
1,55,220,90,10,3.5,0,15,500,26,6,9,8,180,40,20,Salad
1,56,350,100,12,4.5,0,110,1070,27,6,9,37,180,50,20,Salad
1,57,520,230,25,6,0,75,960,46,8,9,28,180,40,20,Salad
2,58,430,144,16,8,0,85,1120,37,3,7,37,30,40,25,Lunch/Dinner
2,59,310,54,6,2,0,55,820,36,3,7,29,25,40,10,Lunch/Dinner
2,60,270,99,11,2.5,0,45,800,26,1,4,16,NULL,0,2,Snack
2,61,120,54,6,3,0,25,320,6,0,1,11,0,0,2,Lunch/Dinner
2,62,230,108,12,3,0,55,630,13,1,1,22,0,2,4,Lunch/Dinner
2,63,350,153,17,3,0,70,940,22,1,3,28,2,2,6,Lunch/Dinner
2,64,470,207,23,3,0,90,1250,29,1,4,37,2,4,8,Lunch/Dinner
2,65,500,207,23,7,0,75,1590,42,3,6,31,30,10,20,Lunch/Dinner
2,66,130,54,6,1.5,0,40,490,5,1,0,14,0,2,2,Lunch/Dinner
2,67,190,81,9,1.5,0,55,730,7,1,0,21,0,4,2,Lunch/Dinner
2,68,260,110,12,3,0,70,990,9,1,1,28,0,2,4,Lunch/Dinner
2,69,390,162,18,1.5,0,115,1460,14,2,1,41,0,8,4,Lunch/Dinner
2,70,970,414,46,2.5,0,285,3660,35,4,1,103,NULL,20,10,Lunch/Dinner
2,71,490,170,19,3,0,80,1130,55,5,12,28,35,8,15,Salad
2,72,440,171,19,4,0,60,1350,40,2,5,28,2,4,15,Lunch/Dinner
2,73,70,18,2,1,0,35,220,1,0,0,13,0,6,0,Snack
2,74,110,27,3,1,0,50,330,2,0,0,19,0,8,0,Snack
2,75,140,36,4,1,0,70,440,2,0,0,25,0,10,2,Snack
2,76,210,45,5,1,0,100,670,3,0,1,38,0,20,2,Lunch/Dinner
2,77,430,108,12,4.5,0,85,1310,47,5,9,33,NULL,25,25,Lunch/Dinner
2,78,450,117,13,6,0,75,1000,48,4,10,34,NULL,50,25,Lunch/Dinner
2,79,500,162,18,0,0,95,1200,46,2,10,33,45,40,20,Lunch/Dinner
2,80,450,171,19,4,0,60,1620,41,1,5,29,4,2,15,Lunch/Dinner
2,81,540,225,25,8,0,80,1760,43,2,6,34,30,10,30,Lunch/Dinner
2,82,350,126,14,5,0,60,960,29,15,3,37,60,35,35,Lunch/Dinner
2,83,860,423,47,16,1,100,2520,70,NULL,8,39,NULL,NULL,NULL,Lunch/Dinner
2,84,720,279,31,15,0,120,1780,65,NULL,7,48,NULL,NULL,NULL,Lunch/Dinner
3,85,710,380,43,17,2,120,1120,44,2,7,35,10,25,30,Lunch/Dinner
3,86,640,330,37,14,2,100,930,42,2,6,31,4,2,20,Lunch/Dinner
3,87,340,150,17,6,1,35,640,34,1,6,15,2,4,6,Lunch/Dinner
3,88,410,220,24,9,0.5,55,730,32,1,4,20,7,1,15,Lunch/Dinner
3,89,380,200,23,6,1,40,470,32,1,4,15,2,4,6,Lunch/Dinner
3,90,450,250,28,9,1,60,800,33,1,4,19,6,4,15,Lunch/Dinner
3,91,600,350,38,16,2,110,1350,35,1,7,31,15,4,25,Lunch/Dinner
3,92,870,530,59,20,2,140,1350,45,2,7,39,10,8,30,Lunch/Dinner
3,93,640,330,37,14,2,100,790,43,2,7,31,6,8,20,Lunch/Dinner
3,94,650,340,37,14,2,100,860,46,2,10,32,8,10,20,Lunch/Dinner
3,95,740,430,48,15,2,110,760,44,2,7,31,6,8,20,Lunch/Dinner
3,96,710,380,43,17,2,120,1120,43,2,7,35,10,8,30,Lunch/Dinner
3,97,720,380,43,17,2,120,1190,47,2,10,35,15,10,30,Lunch/Dinner
3,98,800,480,54,18,2,130,1090,44,2,7,35,10,8,30,Lunch/Dinner
3,99,1280,830,92,36,4,260,1630,44,2,7,67,15,6,40,Lunch/Dinner
3,100,1120,680,76,32,4,235,1550,44,2,8,63,15,8,40,Lunch/Dinner
3,101,1130,680,76,32,4,235,1620,47,2,11,63,20,10,40,Lunch/Dinner
3,102,1220,780,87,34,4,245,1520,45,2,8,63,15,8,40,Lunch/Dinner
3,103,1120,680,76,32,4,235,1690,43,2,7,63,15,2,40,Lunch/Dinner
3,104,450,130,14,4,0,10,1410,67,5,11,15,6,8,25,Lunch/Dinner
3,105,450,130,14,4,0,10,1350,64,5,8,15,6,8,27,Lunch/Dinner
3,106,450,130,14,4,0,10,1300,64,5,8,15,6,8,25,Lunch/Dinner
3,107,610,270,30,7,0,110,1570,44,3,8,40,11,20,16,Lunch/Dinner
3,108,680,350,39,9,0,80,1120,53,4,7,31,11,7,16,Lunch/Dinner
3,109,430,180,20,4,0,80,940,33,2,6,28,6,8,10,Lunch/Dinner
3,110,570,300,33,5,0,45,1060,47,4,6,23,6,8,10,Lunch/Dinner
3,111,450,220,24,4,0,35,740,43,1,4,19,0,0,4,Lunch/Dinner
3,112,280,130,14,2.5,0,0,800,16,0,0,22,NULL,NULL,NULL,Lunch/Dinner
3,113,470,220,24,4.5,0,0,1340,26,0,0,37,NULL,NULL,NULL,Lunch/Dinner
3,114,740,350,39,8,0,90,1550,63,4,12,33,10,8,15,Lunch/Dinner
3,115,1000,550,61,12,0.5,125,4520,70,5,12,23,NULL,NULL,NULL,Lunch/Dinner
3,116,1350,900,100,17,0,190,2180,69,4,10,23,NULL,NULL,NULL,Lunch/Dinner
3,117,380,190,22,4,0,45,1250,27,3,1,18,0,0,2,Snack
3,118,560,290,32,6,1,65,1890,41,5,2,27,0,0,4,Snack
3,119,350,150,17,3,0,45,860,30,2,0,21,10,0,2,Snack
3,120,610,270,30,5,0,80,1500,51,3,0,36,17,0,3,Snack
3,121,970,410,46,8,1,55,2160,109,7,9,30,1,6,13,Lunch/Dinner
3,122,1080,460,51,9,1,75,2390,118,8,9,37,1,7,13,Lunch/Dinner
3,123,1190,510,57,10,1,90,2610,126,8,9,44,2,8,14,Lunch/Dinner
3,124,330,140,16,3,0,55,670,25,2,0,22,1,2,1,Snack
3,125,440,190,21,4,0,70,900,34,2,1,29,1,2,1,Snack
3,126,550,240,26,5,0,90,1120,42,3,1,36,1,3,2,Snack
3,127,730,350,39,8,0,90,1540,62,3,11,32,4,2,15,Lunch/Dinner
3,128,100,580,64,15,0.5,100,2070,65,4,12,39,15,8,30,Lunch/Dinner
3,129,370,160,18,7,0,40,1180,40,1,15,12,2,4,8,Lunch/Dinner
3,130,430,180,20,7,0,40,2310,49,1,17,14,4,6,10,Lunch/Dinner
3,131,410,230,26,11,0,65,1140,30,2,4,17,10,2,20,Lunch/Dinner
3,132,340,170,19,7,0,40,1250,30,3,4,13,2,10,8,Lunch/Dinner
3,133,320,160,18,7,0,40,870,27,1,3,11,0,2,8,Lunch/Dinner
3,134,500,240,26,10,0,50,1410,46,2,7,15,1,3,8,Lunch/Dinner
3,135,210,100,11,4,0,20,530,23,2,4,6,0,0,4,Snack
3,136,830,490,54,22,1,85,1940,54,3,9,30,15,4,30,Lunch/Dinner
3,137,320,160,18,7,0,35,910,27,1,2,11,0,0,4,Lunch/Dinner
4,138,330,100,11,4,0,30,920,40,2,5,18,2,0,8,Lunch/Dinner
4,139,400,90,10,3,0,30,1230,58,3,23,18,4,10,10,Lunch/Dinner
4,140,450,180,20,6,1,50,1280,45,2,9,23,2,2,15,Lunch/Dinner
4,141,630,290,32,11,1.5,100,2100,48,2,9,39,2,2,15,Lunch/Dinner
4,142,650,300,33,12,1,105,1460,51,2,15,38,NULL,NULL,NULL,Lunch/Dinner
4,143,690,280,31,9,0,90,1990,66,3,16,38,NULL,NULL,NULL,Lunch/Dinner
4,144,690,280,31,9,0,90,1990,66,3,16,38,NULL,NULL,NULL,Lunch/Dinner
4,145,540,220,24,4.5,0,60,2110,53,2,6,29,NULL,NULL,NULL,Lunch/Dinner
4,146,650,280,31,9,0,90,1750,56,2,9,39,NULL,NULL,NULL,Lunch/Dinner
4,147,690,310,35,10,0,110,2000,53,1,7,41,NULL,NULL,NULL,Lunch/Dinner
4,148,550,230,26,4.5,0,60,1480,52,2,6,29,NULL,NULL,NULL,Lunch/Dinner
4,149,540,210,23,11,1,85,2500,50,2,3,35,2,8,15,Lunch/Dinner
4,150,360,120,14,5,0.5,50,970,37,2,5,23,0,0,6,Lunch/Dinner
4,151,510,210,24,9,1.5,95,1610,38,2,5,38,0,0,6,Lunch/Dinner
4,152,640,290,32,11,0.5,105,1950,46,3,4,42,NULL,NULL,NULL,Lunch/Dinner
4,153,480,220,24,7,0,65,1610,37,2,9,30,15,10,15,Lunch/Dinner
4,154,710,390,44,13,0,75,1360,55,4,6,23,NULL,NULL,NULL,Lunch/Dinner
4,155,740,350,39,14,2,130,2530,48,2,9,49,NULL,NULL,NULL,Lunch/Dinner
4,156,750,330,36,17,2,150,3350,51,2,3,55,NULL,NULL,NULL,Lunch/Dinner
4,157,610,270,30,12,2,130,2040,38,2,5,48,NULL,NULL,NULL,Lunch/Dinner
4,158,300,80,9,4,0,35,1030,37,2,6,18,2,0,15,Lunch/Dinner
4,159,680,360,40,14,0.5,100,2270,49,3,7,32,NULL,NULL,NULL,Lunch/Dinner
4,160,710,410,46,7,0.5,65,980,53,4,9,22,NULL,NULL,NULL,Salad
4,161,840,400,44,6,0.5,75,1210,81,6,20,33,10,8,25,Salad
4,162,240,100,11,1.5,0,30,640,19,1,0,16,0,0,2,Lunch/Dinner
4,163,360,150,17,2.5,0,45,950,28,2,0,23,0,4,2,Lunch/Dinner
4,164,600,250,28,4,0,75,1590,47,3,0,39,0,8,2,Lunch/Dinner
4,165,680,280,31,8,0.5,80,2420,62,4,5,37,6,20,35,Lunch/Dinner
4,166,550,260,29,7,1,60,1290,48,3,5,24,10,15,10,Lunch/Dinner
4,167,710,260,28,7,0,65,1930,79,5,15,38,20,10,45,Lunch/Dinner
4,168,520,240,27,9,0,65,1640,39,4,6,30,20,10,35,Lunch/Dinner
4,169,800,310,34,10,0.5,80,2420,79,5,16,45,20,10,45,Lunch/Dinner
4,170,620,310,34,11,0.5,85,2130,39,4,6,37,20,10,30,Lunch/Dinner
4,171,740,320,35,13,1,125,2050,62,4,17,43,NULL,NULL,NULL,Lunch/Dinner
4,172,590,250,59,10,1,75,1510,59,4,14,26,NULL,NULL,NULL,Lunch/Dinner
4,173,600,310,35,12,1,110,1240,42,2,7,33,4,8,20,Lunch/Dinner
4,174,430,160,17,5,1,45,1060,45,3,11,23,10,10,8,Lunch/Dinner
4,175,650,320,36,15,1,115,1760,44,2,9,30,NULL,NULL,NULL,Lunch/Dinner
4,176,1030,459,51,17,1,155,2940,83,5,19,62,NULL,NULL,NULL,Lunch/Dinner
4,177,730,252,28,6,0,65,2140,80,6,16,41,NULL,NULL,NULL,Lunch/Dinner
4,178,470,180,20,3.5,0,45,1520,48,3,5,25,10,15,10,Lunch/Dinner
4,179,980,495,55,14,0,85,2130,80,6,19,43,NULL,NULL,NULL,Lunch/Dinner
4,180,290,120,13,2,0,20,860,31,2,2,12,NULL,NULL,NULL,Snack
4,181,290,110,12,3.5,0,25,720,30,1,1,15,NULL,NULL,NULL,Snack
4,182,220,80,9,3.5,0,30,890,21,1,1,14,NULL,NULL,NULL,Snack
4,183,210,70,8,3,0,25,780,21,1,2,13,NULL,NULL,NULL,Snack
4,184,240,90,11,4.5,0,30,670,21,1,1,14,NULL,NULL,NULL,Snack
4,185,300,150,17,6,0,35,930,23,1,2,13,NULL,NULL,NULL,Snack
4,186,240,90,11,4.5,0,30,670,21,1,1,14,NULL,NULL,NULL,Snack
4,187,200,60,7,2.5,0,25,760,21,1,2,14,NULL,NULL,NULL,Snack
4,188,70,45,5,2.5,0,15,100,4,1,2,5,35,10,10,Salad
4,189,430,220,24,8,0,65,1000,26,4,4,28,60,20,25,Salad
4,190,420,340,37,9,0,55,700,11,2,4,10,NULL,NULL,NULL,Salad
4,191,230,120,13,7,0,55,870,8,2,5,22,60,20,25,Salad
4,192,720,480,53,15,0,85,1310,39,5,7,22,NULL,NULL,NULL,Salad
5,193,1550,1134,126,47,8,805,1820,21,3,7,134,NULL,NULL,NULL,Lunch/Dinner
5,194,1000,585,65,24,3,200,1320,48,2,8,56,NULL,NULL,NULL,Lunch/Dinner
5,195,330,140,16,7,0,55,830,32,1,7,18,NULL,NULL,NULL,Lunch/Dinner
5,196,290,120,14,6,0.5,40,720,28,1,7,12,NULL,NULL,NULL,Lunch/Dinner
5,197,1040,630,48,28,2.5,220,1900,48,1,10,57,NULL,NULL,NULL,Lunch/Dinner
5,198,730,351,39,9,0,90,1930,63,0,16,32,NULL,NULL,NULL,Lunch/Dinner
5,199,1100,675,75,29,3,220,1850,51,NULL,13,57,NULL,NULL,NULL,Lunch/Dinner
5,200,300,130,14,6,0,45,710,28,1,6,16,NULL,NULL,NULL,Lunch/Dinner
5,201,520,280,31,14,1,105,1180,33,1,8,31,NULL,NULL,NULL,Lunch/Dinner
5,202,450,230,26,12,1,95,960,29,1,6,26,NULL,NULL,NULL,Lunch/Dinner
5,203,360,160,18,8,0,70,520,28,1,6,22,NULL,NULL,NULL,Lunch/Dinner
5,204,900,486,54,25,3,210,1740,50,2,11,56,NULL,NULL,NULL,Lunch/Dinner
5,205,580,300,33,13,1.5,85,1030,45,2,9,26,NULL,NULL,NULL,Lunch/Dinner
5,206,1220,720,80,28,3,335,2050,62,NULL,15,NULL,NULL,NULL,NULL,Lunch/Dinner
5,207,260,90,10,4,0,35,490,28,1,6,13,NULL,NULL,NULL,Lunch/Dinner
5,208,550,250,27,12,1.5,95,1140,48,2,10,30,NULL,NULL,NULL,Lunch/Dinner
5,209,990,585,65,24,3,205,1550,46,2,7,55,NULL,NULL,NULL,Lunch/Dinner
5,210,940,567,63,21,2.5,175,1380,45,NULL,8,49,NULL,NULL,NULL,Lunch/Dinner
5,211,310,110,13,4,0.5,25,450,38,1,9,9,NULL,NULL,NULL,Lunch/Dinner
5,212,1250,738,82,31,3.5,230,2270,69,3,14,60,NULL,NULL,NULL,Lunch/Dinner
5,213,730,387,43,16,1.5,125,1570,52,2,12,35,NULL,NULL,NULL,Lunch/Dinner
5,214,970,549,61,24,3,205,1640,52,2,12,55,NULL,NULL,NULL,Lunch/Dinner
5,215,1100,666,74,24,1,180,1620,59,NULL,13,50,NULL,NULL,NULL,Lunch/Dinner
5,216,770,432,48,16,2,95,1360,47,2,9,29,NULL,NULL,NULL,Lunch/Dinner
5,217,900,510,57,19,2,140,1050,51,3,11,47,NULL,NULL,NULL,Lunch/Dinner
5,218,990,580,65,24,2,160,1480,53,3,11,52,NULL,NULL,NULL,Lunch/Dinner
5,219,660,360,40,12,1.5,90,980,49,2,11,28,NULL,NULL,NULL,Lunch/Dinner
5,220,760,430,47,16,1,100,1410,53,3,11,33,NULL,NULL,NULL,Lunch/Dinner
5,221,340,170,19,5,0,40,510,28,2,6,14,NULL,NULL,NULL,Lunch/Dinner
5,222,380,210,23,8,1,55,730,29,2,6,16,NULL,NULL,NULL,Lunch/Dinner
5,223,590,360,40,12,0,150,1540,18,3,6,42,NULL,NULL,NULL,Salad
5,224,720,450,50,13,0,120,1960,32,5,7,36,NULL,NULL,NULL,Salad
5,225,550,330,37,10,0,115,1640,17,3,5,36,NULL,NULL,NULL,Salad
5,226,690,430,48,12,1,100,1750,31,4,8,35,NULL,NULL,NULL,Salad
5,227,530,290,32,5,0,95,1640,26,3,6,35,NULL,NULL,NULL,Salad
5,228,670,380,43,7,0,80,1760,40,5,8,34,NULL,NULL,NULL,Salad
5,229,560,270,30,7,0,90,980,40,4,34,29,NULL,NULL,NULL,Salad
5,230,700,370,41,9,0,80,1090,54,5,37,28,NULL,NULL,NULL,Salad
5,231,320,120,14,6,0,115,650,16,2,4,36,NULL,NULL,NULL,Salad
5,232,450,220,24,7,0,85,1070,30,5,6,29,NULL,NULL,NULL,Salad
5,233,220,180,20,4,0,10,540,7,2,3,6,NULL,NULL,NULL,Salad
5,234,230,190,21,5,0,30,520,7,2,3,5,NULL,NULL,NULL,Salad
5,235,830,468,52,14,0.5,110,2100,57,NULL,9,34,NULL,NULL,NULL,Lunch/Dinner
5,236,440,243,27,4.5,0,15,630,44,NULL,13,7,NULL,NULL,NULL,Lunch/Dinner
5,237,530,250,27,4.5,0,30,1360,54,2,7,17,NULL,NULL,NULL,Lunch/Dinner
5,238,410,150,16,3,0,5,1030,44,7,8,22,NULL,NULL,NULL,Lunch/Dinner
5,239,480,220,25,2.5,0,5,1160,42,2,10,22,NULL,NULL,NULL,Lunch/Dinner
5,240,730,351,39,9,0,90,1930,63,NULL,16,32,NULL,NULL,NULL,Lunch/Dinner
5,241,290,150,17,3,1.5,40,780,18,1,1,16,NULL,NULL,NULL,Lunch/Dinner
5,242,190,100,11,2,0,25,310,10,1,0,10,NULL,NULL,NULL,Lunch/Dinner
5,243,290,150,17,3,0,40,460,15,1,0,15,NULL,NULL,NULL,Lunch/Dinner
5,244,950,500,55,11,0,130,1530,50,5,0,51,NULL,NULL,NULL,Lunch/Dinner
5,245,470,260,29,5,0,50,890,34,5,0,21,NULL,NULL,NULL,Lunch/Dinner
5,246,570,225,25,8,0,70,1340,57,NULL,9,32,NULL,NULL,NULL,Lunch/Dinner
5,247,580,252,28,8,0.5,70,2310,56,NULL,8,30,NULL,NULL,NULL,Lunch/Dinner
5,248,430,250,28,4.5,0,30,760,34,2,4,12,NULL,NULL,NULL,Lunch/Dinner
5,249,670,370,41,7,0.5,60,1070,54,2,7,23,NULL,NULL,NULL,Lunch/Dinner
5,250,470,170,19,3.5,0,85,850,39,2,6,37,NULL,NULL,NULL,Lunch/Dinner
5,251,330,170,19,8,1,40,980,28,2,5,14,NULL,NULL,NULL,Lunch/Dinner
5,252,310,140,16,6,1,30,960,32,2,10,11,NULL,NULL,NULL,Lunch/Dinner
5,253,300,160,18,3,0,40,950,19,1,1,15,NULL,NULL,NULL,Lunch/Dinner
5,254,630,350,39,7,1,65,1390,46,3,4,24,NULL,NULL,NULL,Lunch/Dinner
5,255,340,189,21,3.5,0,45,1200,21,1,1,16,NULL,NULL,NULL,Snack
5,256,410,150,17,3,0,20,870,53,2,14,12,NULL,NULL,NULL,Lunch/Dinner
5,257,840,459,51,12,1,95,1760,62,3,7,32,NULL,NULL,NULL,Lunch/Dinner
5,258,210,135,15,3,0,20,570,11,2,0,8,NULL,NULL,NULL,Snack
5,259,530,333,37,7,0,55,1420,28,NULL,0,20,NULL,NULL,NULL,Snack
5,260,410,220,25,4.5,0,35,850,35,2,5,12,NULL,NULL,NULL,Lunch/Dinner
5,261,700,378,42,7,0,65,1140,57,3,8,25,NULL,NULL,NULL,Lunch/Dinner
5,262,760,405,45,11,0,95,1720,58,3,8,32,NULL,NULL,NULL,Lunch/Dinner
6,263,1000,660,74,26,2,170,1610,40,2,9,46,25,8,30,Lunch/Dinner
6,264,800,460,51,20,2,135,1280,44,3,13,40,25,6,35,Lunch/Dinner
6,265,630,330,37,13,1,95,1250,44,2,13,30,20,6,25,Lunch/Dinner
6,266,540,270,30,11,1,70,1020,44,3,13,23,20,6,25,Lunch/Dinner
6,267,570,310,35,11,1,75,820,39,2,8,24,2,0,25,Lunch/Dinner
6,268,400,160,18,9,1,65,930,34,1,8,19,10,0,10,Lunch/Dinner
6,269,630,310,34,18,2,125,1240,34,1,9,34,15,0,20,Lunch/Dinner
6,270,1030,480,53,9,1,80,2780,105,9,4,35,2,0,10,Lunch/Dinner
6,271,1260,590,66,11,1,120,3500,121,12,4,49,2,0,10,Lunch/Dinner
6,272,420,240,26,11,1,60,1140,26,1,3,19,NULL,NULL,NULL,Lunch/Dinner
6,273,390,220,24,11,1,50,1000,26,1,3,16,NULL,NULL,NULL,Lunch/Dinner
6,274,380,220,24,11,1,55,900,23,1,3,16,10,0,15,Lunch/Dinner
6,275,330,180,20,8,1,40,1050,24,1,5,13,8,0,6,Lunch/Dinner
6,276,290,160,17,7,1,35,900,22,1,4,11,4,0,6,Lunch/Dinner
6,277,350,180,20,8,1,35,1000,30,1,6,13,NULL,NULL,NULL,Lunch/Dinner
6,278,310,80,9,3,0,50,830,41,2,9,17,10,4,4,Lunch/Dinner
6,279,250,80,9,1,0,0,500,36,2,1,7,0,2,2,Snack
6,280,550,410,45,25,0,150,900,0,0,0,35,30,0,100,Snack
6,281,1050,670,75,43,1,180,2210,52,0,30,43,NULL,NULL,NULL,Lunch/Dinner
6,282,760,440,49,21,2,100,1570,48,2,6,32,NULL,NULL,NULL,Lunch/Dinner
6,283,260,140,15,4,0,20,450,26,1,7,6,0,4,0,Lunch/Dinner
6,284,470,200,22,3,0,20,1210,53,2,7,17,10,2,6,Lunch/Dinner
6,285,400,160,18,9,1,65,930,35,1,9,20,20,6,10,Lunch/Dinner
6,286,640,310,34,18,2,125,1240,35,1,9,34,25,6,20,Lunch/Dinner
6,287,540,240,26,13,1,100,750,34,1,9,29,15,6,4,Lunch/Dinner
6,288,350,130,14,7,1,50,680,34,1,9,17,15,6,4,Lunch/Dinner
6,289,780,430,48,22,2,150,1390,34,1,7,41,20,6,20,Lunch/Dinner
6,290,580,310,34,7,0,45,910,48,2,6,19,NULL,NULL,NULL,Lunch/Dinner
6,291,910,430,48,13,0.5,45,2210,95,5,2,23,NULL,NULL,NULL,Lunch/Dinner
6,292,350,180,20,3,0,60,960,22,10,0,22,NULL,NULL,NULL,Lunch/Dinner
6,293,500,180,20,8,0,65,1190,45,3,3,33,NULL,NULL,NULL,Lunch/Dinner
6,294,640,220,25,8,0,60,1530,68,4,3,34,NULL,NULL,NULL,Lunch/Dinner
6,295,520,280,31,10,0,100,1470,25,9,6,37,NULL,NULL,NULL,Salad
6,296,280,120,13,2,0,40,670,24,9,6,17,NULL,NULL,NULL,Salad
6,297,600,270,30,5,0,55,1250,59,7,8,24,10,6,15,Lunch/Dinner
6,298,350,190,21,5,0,35,820,30,2,1,12,10,2,10,Lunch/Dinner
6,299,380,170,19,9,0,100,1540,11,3,6,42,NULL,NULL,NULL,Salad
6,300,150,20,2,0.5,0,40,730,10,3,6,23,NULL,NULL,NULL,Salad
6,301,360,140,15,3,0,50,1040,32,1,5,25,10,8,6,Lunch/Dinner
6,302,280,130,15,4,0,30,800,22,1,1,15,10,4,10,Lunch/Dinner
6,303,20,0,0,0,0,0,15,5,2,3,1,50,30,15,Salad
6,304,550,240,26,8,0,60,1420,45,3,3,30,NULL,NULL,NULL,Lunch/Dinner
7,305,320,80,9,4,0,20,680,43,5,6,15,8,8,30,Lunch/Dinner
7,306,640,160,18,8,0,40,1360,86,10,12,30,16,16,60,Lunch/Dinner
7,307,430,160,18,6,0,50,590,47,5,8,19,8,20,30,Lunch/Dinner
7,308,860,320,36,12,0,100,1180,94,10,16,38,16,40,60,Lunch/Dinner
7,309,580,310,31,11,0,85,1470,47,5,7,29,10,45,40,Lunch/Dinner
7,310,1160,620,62,22,0,170,2940,94,10,14,58,20,90,80,Lunch/Dinner
7,311,500,150,17,9,1,85,1310,51,6,8,38,15,20,50,Lunch/Dinner
7,312,1000,300,34,18,2,170,2620,102,12,16,76,30,40,100,Lunch/Dinner
7,313,180,20,3,0.5,0,10,450,30,3,5,10,6,15,20,Lunch/Dinner
7,314,290,40,5,1,0,20,830,46,5,8,18,8,20,30,Lunch/Dinner
7,315,580,80,10,2,0,40,1660,92,10,16,36,16,40,60,Lunch/Dinner
7,316,330,45,5,1,0,45,890,45,5,7,25,8,20,30,Lunch/Dinner
7,317,660,90,10,2,0,90,1780,90,10,14,50,16,40,60,Lunch/Dinner
7,318,570,230,26,7,0,70,1600,46,5,8,33,10,20,40,Lunch/Dinner
7,319,1140,460,52,14,0,140,3200,92,10,16,66,20,40,80,Lunch/Dinner
7,320,570,250,28,10,1,95,1080,47,5,8,35,15,25,50,Lunch/Dinner
7,321,1140,500,56,20,2,190,2160,94,10,16,70,30,50,100,Lunch/Dinner
7,322,460,140,16,6,0,80,1140,49,6,9,32,15,30,45,Lunch/Dinner
7,323,920,280,32,12,0,160,2280,98,12,18,64,30,60,90,Lunch/Dinner
7,324,370,120,13,4,0,50,1140,46,5,7,18,10,20,35,Lunch/Dinner
7,325,740,240,26,8,0,100,2280,92,10,14,36,20,40,70,Lunch/Dinner
7,326,470,130,15,4.5,0,85,1770,45,7,12,39,10,35,20,Lunch/Dinner
7,327,940,260,30,9,0,170,3540,90,14,24,78,20,70,40,Lunch/Dinner
7,328,410,150,16,6,0,45,1300,46,5,8,20,8,20,30,Lunch/Dinner
7,329,820,300,32,12,0,90,2600,92,10,16,40,16,40,60,Lunch/Dinner
7,330,550,260,29,10,0,75,1470,47,5,9,26,10,20,40,Lunch/Dinner
7,331,1100,520,58,20,0,150,2940,94,10,18,52,20,40,80,Lunch/Dinner
7,332,480,160,18,7,1,30,950,59,8,12,21,25,35,35,Lunch/Dinner
7,333,960,320,36,14,2,60,1900,118,16,24,42,50,70,70,Lunch/Dinner
7,334,320,40,5,2,0,25,640,47,5,8,23,8,30,30,Lunch/Dinner
7,335,640,80,10,4,0,50,1280,44,10,16,46,16,60,60,Lunch/Dinner
7,336,200,25,3,1,0,25,390,30,4,5,14,6,15,20,Lunch/Dinner
7,337,320,40,5,2,0,40,700,45,5,7,24,8,20,30,Lunch/Dinner
7,338,640,80,10,4,0,80,1400,90,10,14,48,16,40,60,Lunch/Dinner
7,339,350,50,6,1.5,0,50,540,44,5,7,29,8,20,30,Lunch/Dinner
7,340,700,100,12,3,0,100,1080,88,10,14,58,16,40,60,Lunch/Dinner
7,341,480,220,24,9,1,50,1520,46,5,8,20,8,20,30,Lunch/Dinner
7,342,960,440,48,18,2,100,3040,92,10,16,40,16,40,60,Lunch/Dinner
7,343,380,90,10,5,0,50,1060,48,5,8,26,10,20,40,Lunch/Dinner
7,344,760,180,20,10,0,100,2120,96,10,16,52,20,40,80,Lunch/Dinner
7,345,310,40,5,2,0,40,880,46,5,7,23,8,20,30,Lunch/Dinner
7,346,620,80,10,4,0,80,1760,92,10,14,46,16,40,60,Lunch/Dinner
7,347,370,100,11,5,0,45,1210,47,5,8,23,10,20,40,Lunch/Dinner
7,348,740,200,22,10,0,90,1420,94,10,16,46,20,40,80,Lunch/Dinner
7,349,420,170,19,3,0,20,690,51,5,8,13,10,20,35,Lunch/Dinner
7,350,840,340,38,6,0,40,1380,102,10,16,26,20,40,70,Lunch/Dinner
7,351,380,40,5,1,0,50,900,59,5,18,26,8,30,35,Lunch/Dinner
7,352,760,80,10,2,0,100,1800,118,10,36,52,16,60,70,Lunch/Dinner
7,353,470,210,24,4,0,30,620,44,5,6,20,8,20,30,Lunch/Dinner
7,354,940,420,48,8,0,60,1240,88,10,12,40,16,40,60,Lunch/Dinner
7,355,390,110,13,3.5,0,30,860,49,8,7,22,10,200,30,Lunch/Dinner
7,356,780,220,26,7,0,60,1720,98,16,14,44,20,400,60,Lunch/Dinner
7,357,180,20,2,0.5,0,10,380,30,3,5,10,6,15,20,Lunch/Dinner
7,358,280,30,4,1,0,20,810,46,5,7,18,8,20,30,Lunch/Dinner
7,359,560,60,8,2,0,40,1620,92,10,14,36,16,40,60,Lunch/Dinner
7,360,280,35,4,1,0,20,820,46,5,8,18,8,20,30,Lunch/Dinner
7,361,560,70,8,2,0,40,1640,92,10,16,36,16,40,60,Lunch/Dinner
7,362,490,210,24,9,1,50,1480,47,5,8,24,10,20,45,Lunch/Dinner
7,363,980,420,48,18,2,100,2960,94,10,16,48,20,40,90,Lunch/Dinner
7,364,150,15,2,0,0,0,190,29,3,4,6,6,15,20,Lunch/Dinner
7,365,230,20,3,1,0,0,310,44,5,6,8,8,20,30,Lunch/Dinner
7,366,460,40,6,2,0,0,620,88,10,12,16,16,40,60,Lunch/Dinner
7,367,390,70,7,1,0,10,800,56,8,8,23,15,20,35,Lunch/Dinner
7,368,780,140,14,2,0,20,1600,112,16,16,46,30,20,70,Lunch/Dinner
7,369,300,80,9,3,0,60,1120,26,3,22,25,40,40,15,Salad
7,370,150,70,8,4,0,20,420,10,4,5,10,50,50,6,Salad
7,371,400,300,29,11,0,85,1250,12,4,4,23,25,70,10,Salad
7,372,330,140,16,8,1,85,1080,17,5,6,32,60,50,25,Salad
7,373,110,25,3,1,0,20,590,11,4,6,12,25,45,4,Salad
7,374,360,230,26,4,0,60,1100,13,4,6,20,50,60,8,Salad
7,375,280,110,12,4.5,0,65,1320,11,4,5,28,50,50,15,Salad
7,376,150,30,4,0,0,45,680,8,3,3,19,40,40,6,Salad
7,377,510,340,38,12,1,100,1040,14,4,7,30,60,60,30,Salad
7,378,180,95,11,4,0,45,820,12,4,5,12,50,50,10,Salad
7,379,220,35,5,1.5,0,100,490,10,4,4,36,50,60,8,Salad
7,380,230,135,15,6,0,45,1060,12,4,6,14,50,50,6,Salad
7,381,230,140,15,5,0,45,1060,13,4,8,14,40,60,4,Salad
7,382,310,150,17,7,1,30,720,25,6,10,16,60,70,10,Salad
7,383,140,25,3,0.5,0,50,280,10,4,4,19,50,60,8,Salad
7,384,140,30,4,1,0,40,450,10,4,5,18,25,45,4,Salad
7,385,310,205,23,9,1,50,1280,11,4,6,15,50,50,8,Salad
7,386,210,75,8,4,0,50,830,14,4,6,20,50,50,15,Salad
7,387,140,30,4,1,0,40,640,11,4,5,17,25,45,6,Salad
7,388,200,85,10,5,0,45,910,13,4,6,18,50,50,15,Salad
7,389,200,25,3,1,0,50,660,24,4,16,20,25,50,6,Salad
7,390,310,215,24,4,0,40,370,10,4,4,15,50,50,6,Salad
7,391,110,20,3,1,0,25,580,11,4,5,12,25,45,6,Salad
7,392,110,20,2,1,0,20,570,11,4,5,12,25,45,6,Salad
7,393,50,10,1,0,0,0,65,9,4,4,3,25,45,4,Salad
7,394,760,330,37,12,1,100,2250,65,4,7,43,15,45,30,Lunch/Dinner
7,395,730,310,34,10,0.5,135,1900,53,3,4,55,15,8,45,Lunch/Dinner
7,396,810,380,42,13,0.5,75,2970,62,3,6,43,10,30,30,Lunch/Dinner
7,397,740,230,25,11,0,50,1270,100,5,9,36,35,30,60,Snack
7,398,680,200,22,9,0,40,1070,96,4,7,32,25,4,45,Snack
7,399,790,290,32,13,0,60,1350,96,4,8,38,30,4,60,Lunch/Dinner
7,400,820,310,34,14,0,70,1420,97,4,8,39,30,4,60,Lunch/Dinner
8,401,540,230,26,7,1,45,1360,59,7,4,19,NULL,NULL,NULL,Lunch/Dinner
8,402,460,170,18,7,1,45,1320,53,9,3,21,NULL,NULL,NULL,Lunch/Dinner
8,403,510,170,19,7,0,20,1090,68,11,4,16,NULL,NULL,NULL,Lunch/Dinner
8,404,370,100,11,4,0,5,960,56,9,3,13,NULL,NULL,NULL,Lunch/Dinner
8,405,550,200,22,8,0,35,1270,68,8,5,19,NULL,NULL,NULL,Lunch/Dinner
8,406,440,160,18,5,0,20,1030,55,4,3,13,NULL,NULL,NULL,Lunch/Dinner
8,407,410,110,12,4,0,10,1100,62,8,3,14,NULL,NULL,NULL,Lunch/Dinner
8,408,420,140,16,7,0,35,1090,53,8,5,16,NULL,NULL,NULL,Lunch/Dinner
8,409,390,110,12,5,0,40,1050,52,7,5,19,NULL,NULL,NULL,Lunch/Dinner
8,410,390,120,13,5,0,30,1090,52,7,5,17,NULL,NULL,NULL,Lunch/Dinner
8,411,760,240,27,6,0,60,1960,96,12,7,32,NULL,NULL,NULL,Lunch/Dinner
8,412,780,250,28,7,0,50,1900,98,13,7,33,NULL,NULL,NULL,Lunch/Dinner
8,413,740,230,26,5,0,10,1750,107,17,8,20,NULL,NULL,NULL,Lunch/Dinner
8,414,420,160,17,3.5,0,0,930,55,6,4,11,NULL,NULL,NULL,Lunch/Dinner
8,415,380,150,17,8,1,35,930,41,5,2,16,NULL,NULL,NULL,Lunch/Dinner
8,416,610,210,24,9,0,55,1510,74,5,5,25,10,4,35,Lunch/Dinner
8,417,610,220,24,9,0,50,1520,75,5,5,25,10,4,40,Lunch/Dinner
8,418,630,240,26,10,0.5,45,1530,76,7,5,22,15,4,35,Lunch/Dinner
8,419,550,260,29,9,0.5,50,1130,52,7,4,20,15,6,20,Lunch/Dinner
8,420,620,270,30,10,0,60,1440,64,4,4,24,NULL,NULL,NULL,Lunch/Dinner
8,421,630,280,31,11,0.5,65,1410,64,3,4,25,NULL,NULL,NULL,Lunch/Dinner
8,422,650,300,34,12,0.5,60,1450,65,6,5,22,NULL,NULL,NULL,Lunch/Dinner
8,423,400,160,18,4.5,0,30,960,45,3,3,16,NULL,NULL,NULL,Lunch/Dinner
8,424,710,320,35,13,1,75,2260,70,10,4,28,NULL,NULL,NULL,Lunch/Dinner
8,425,650,250,28,10,0,70,2230,67,8,4,34,NULL,NULL,NULL,Lunch/Dinner
8,426,670,260,29,11,0.5,80,2080,68,7,4,35,NULL,NULL,NULL,Lunch/Dinner
8,427,540,180,20,8,0,55,1740,66,5,5,24,15,8,35,Lunch/Dinner
8,428,550,190,21,9,0,50,1750,66,5,5,24,10,6,35,Lunch/Dinner
8,429,570,210,23,10,0.5,45,1760,68,7,5,22,15,6,35,Lunch/Dinner
8,430,410,140,16,6,0,30,1030,50,4,3,15,6,2,20,Lunch/Dinner
8,431,880,380,42,14,1,75,2020,94,12,6,31,NULL,NULL,NULL,Lunch/Dinner
8,432,830,320,35,11,0,85,1940,91,10,6,37,NULL,NULL,NULL,Lunch/Dinner
8,433,820,320,36,12,1,70,2020,91,10,7,33,NULL,NULL,NULL,Lunch/Dinner
8,434,170,50,6,3,0,30,460,18,1,1,12,NULL,NULL,NULL,Lunch/Dinner
8,435,320,120,14,5,0,25,770,36,6,2,13,NULL,NULL,NULL,Lunch/Dinner
8,436,160,90,10,3.5,0,25,350,13,2,1,8,NULL,NULL,NULL,Lunch/Dinner
8,437,200,100,12,4.5,0,35,370,15,3,3,9,NULL,NULL,NULL,Lunch/Dinner
8,438,170,90,10,4,0,25,290,12,3,1,8,NULL,NULL,NULL,Snack
8,439,200,110,12,5,0,35,320,15,3,2,9,NULL,NULL,NULL,Snack
8,440,320,120,14,5,0,25,640,37,7,2,13,NULL,NULL,NULL,Snack
8,441,350,140,16,6,0,35,670,40,7,3,14,NULL,NULL,NULL,Snack
8,442,340,160,18,7,0,35,640,32,4,6,12,10,2,15,Snack
8,443,350,180,20,8,0.5,40,630,30,4,3,13,15,2,20,Snack
8,444,380,170,19,6,0,35,650,39,5,2,13,8,2,20,Snack
8,445,320,120,13,5,0,25,770,36,7,2,14,NULL,NULL,NULL,Snack
8,446,170,90,10,3.5,0,25,370,12,3,1,8,NULL,NULL,NULL,Snack
8,447,200,110,12,5,0,30,390,15,3,2,9,NULL,NULL,NULL,Snack
8,448,250,130,14,4,0,30,550,19,2,2,11,NULL,NULL,NULL,Lunch/Dinner
8,449,320,120,13,5,0,25,760,36,7,2,14,NULL,NULL,NULL,Snack
8,450,170,80,9,4,0,25,340,13,2,1,8,NULL,NULL,NULL,Snack
8,451,200,100,11,5,0,35,370,15,3,2,9,NULL,NULL,NULL,Snack
8,452,230,100,11,5,0,35,530,22,3,3,10,NULL,NULL,NULL,Lunch/Dinner
8,453,200,80,9,4,0,25,510,19,3,1,10,NULL,NULL,NULL,Lunch/Dinner
8,454,250,120,13,3,0,10,510,28,3,1,6,NULL,NULL,NULL,Lunch/Dinner
8,455,340,160,18,4,0,40,530,29,3,4,16,NULL,NULL,NULL,Lunch/Dinner
8,456,340,170,18,4,0,30,570,29,3,4,14,NULL,NULL,NULL,Lunch/Dinner
8,457,370,190,21,5,0,30,570,31,4,4,13,NULL,NULL,NULL,Lunch/Dinner
8,458,600,310,35,8,0.5,50,1010,50,6,5,21,15,4,15,Lunch/Dinner
8,459,420,250,28,6,0,65,1070,23,4,2,19,6,4,6,Lunch/Dinner
8,460,440,270,30,7,0,70,1090,22,3,1,20,6,4,6,Lunch/Dinner
8,461,600,310,35,8,0.5,50,1240,52,7,5,21,15,8,15,Lunch/Dinner
8,462,350,80,9,3,0,0,950,57,9,3,11,NULL,NULL,NULL,Lunch/Dinner
8,463,340,80,8,3,0,25,1020,50,7,4,17,NULL,NULL,NULL,Lunch/Dinner
8,464,340,80,9,3,0,15,1060,50,7,4,15,NULL,NULL,NULL,Lunch/Dinner
8,465,150,35,4,1,0,25,460,18,2,2,11,NULL,NULL,NULL,Lunch/Dinner
8,466,140,70,8,2,0,20,290,13,3,1,6,NULL,NULL,NULL,Lunch/Dinner
8,467,150,35,4,2,0,15,500,19,2,2,9,NULL,NULL,NULL,Lunch/Dinner
8,468,170,60,7,3,0,20,500,20,3,2,8,NULL,NULL,NULL,Lunch/Dinner
8,469,490,260,29,10,1,55,810,39,5,6,20,NULL,NULL,NULL,Lunch/Dinner
8,470,490,250,28,10,1,55,890,40,5,5,20,NULL,NULL,NULL,Lunch/Dinner
8,471,490,250,28,10,1,55,890,40,5,4,20,NULL,NULL,NULL,Lunch/Dinner
8,472,490,250,28,10,1,55,880,40,5,5,20,NULL,NULL,NULL,Lunch/Dinner
8,473,570,290,32,12,1,70,1110,44,7,5,25,15,2,30,Lunch/Dinner
8,474,300,120,14,5,0,30,550,31,4,6,13,NULL,NULL,NULL,Lunch/Dinner
8,475,270,90,10,4,0,40,510,29,2,6,16,NULL,NULL,NULL,Lunch/Dinner
8,476,270,90,11,4,0,30,550,29,2,6,14,NULL,NULL,NULL,Lunch/Dinner
8,477,710,360,41,6,0,30,1420,73,10,4,13,10,4,8,Side Dish
8,478,760,360,39,6,0,30,1100,82,13,5,18,NULL,NULL,NULL,Side Dish
8,479,430,210,23,5,0,30,690,44,7,3,12,NULL,NULL,NULL,Side Dish
8,480,320,140,15,1.5,0,0,600,41,6,2,7,NULL,NULL,NULL,Side Dish
8,481,260,140,16,4.5,0,30,550,19,3,1,10,6,0,10,Side Dish
8,482,410,170,19,6,0,25,960,46,4,3,14,NULL,NULL,NULL,Snack
8,483,210,110,12,4,0,25,560,17,3,1,9,NULL,NULL,NULL,Snack
8,484,420,170,19,4.5,0,20,870,49,5,3,12,NULL,NULL,NULL,Snack
8,485,430,210,23,5,0,20,900,43,3,4,12,NULL,NULL,NULL,Snack
8,486,560,200,22,4,0,60,1520,64,9,4,26,NULL,NULL,NULL,Lunch/Dinner
8,487,580,210,23,4,0,50,1460,66,10,4,27,NULL,NULL,NULL,Lunch/Dinner
8,488,540,190,21,3,0,10,1310,75,14,4,14,NULL,NULL,NULL,Lunch/Dinner
8,489,480,240,27,11,1,50,1000,40,4,3,19,NULL,NULL,NULL,Snack
8,490,190,80,9,5,0,20,450,18,2,1,9,NULL,NULL,NULL,Snack
8,491,520,250,28,12,1,75,1210,41,4,3,27,NULL,NULL,NULL,Snack
8,492,620,340,37,8,0,50,1290,53,4,4,17,8,6,15,Snack
8,493,380,150,17,8,1,35,930,41,5,2,16,NULL,NULL,NULL,Snack
8,494,290,170,18,3,0,25,640,22,1,1,9,NULL,NULL,NULL,Snack
8,495,650,340,37,13,0.5,75,1480,51,5,3,26,10,2,45,Snack
8,496,540,190,21,6,0,30,1110,71,7,7,16,NULL,NULL,NULL,Lunch/Dinner
8,497,270,100,11,4,0,15,650,32,8,2,12,NULL,NULL,NULL,Snack
8,498,580,260,29,9,1,60,1270,59,8,7,23,NULL,NULL,NULL,Salad
8,499,470,200,22,6,0,25,1120,55,4,5,13,NULL,NULL,NULL,Snack
8,500,540,270,31,8,1,40,860,47,7,2,20,NULL,NULL,NULL,Lunch/Dinner
8,501,270,130,14,7,1,40,740,21,3,2,14,NULL,NULL,NULL,Lunch/Dinner
8,502,440,210,23,10,0.5,60,840,36,3,3,22,15,6,35,Lunch/Dinner
8,503,440,200,23,10,0.5,60,840,37,3,3,22,15,8,35,Lunch/Dinner
8,504,460,240,26,11,1,50,890,38,4,3,19,15,6,35,Lunch/Dinner
8,505,180,70,8,2.5,0,25,540,15,2,1,12,NULL,NULL,NULL,Snack
8,506,400,180,20,4,0,25,900,42,3,3,15,NULL,NULL,NULL,Snack
8,507,200,90,10,2.5,0,10,440,22,4,1,7,NULL,NULL,NULL,Snack
8,508,390,170,18,8,0.5,40,1050,39,4,3,18,8,2,30,Snack
8,509,520,250,28,12,1,65,1250,41,4,3,25,NULL,NULL,NULL,Snack
8,510,700,270,30,9,0.5,45,1550,85,9,7,23,15,6,25,Lunch/Dinner
8,511,780,340,38,10,0.5,50,1850,87,9,8,23,20,10,25,Lunch/Dinner
8,512,580,260,29,9,1,60,1270,59,8,7,23,NULL,NULL,NULL,Salad
8,513,780,380,42,10,1,60,1340,74,11,7,26,NULL,NULL,NULL,Salad
8,514,720,320,35,7,0,70,1260,70,8,8,32,NULL,NULL,NULL,Salad
8,515,720,320,36,8,1,55,1340,70,8,8,28,NULL,NULL,NULL,Salad
